station_order,station_id,station_name,latitude,longitude,crs,original_latitude,original_longitude,coordinate_adjusted,coordinate_adjustment_reason,source_row
1,ST001,월곶역,37.3914796,126.7422007,EPSG:4326,37.3914796,126.7422007,N,,2
2,ST002,월곶포구,37.3885588,126.7392253,EPSG:4326,37.3885588,126.7392253,N,,3
3,ST003,배곧한울공원,37.3545775,126.7025649,EPSG:4326,37.3545775,126.7025649,N,,4
4,ST004,배곧중심상가,37.369183,126.7318841,EPSG:4326,37.369183,126.7318841,N,,5
5,ST005,배곧중·고등학교,37.3747941,126.7324508,EPSG:4326,37.3747941,126.7324508,N,,6
6,ST006,시흥시청 본청,37.3793639,126.8030465,EPSG:4326,37.3793639,126.8030465,N,,7
7,ST007,장현지구,37.3822454,126.7976714,EPSG:4326,37.3822454,126.7976714,N,,8
8,ST008,시흥능곡역,37.3703518,126.8075312,EPSG:4326,37.3703518,126.8075312,N,,9
9,ST009,능곡중앙공원,37.3674688,126.8142652,EPSG:4326,37.3674688,126.8142652,N,,10
10,ST010,은계호수공원,37.4426698,126.8042554,EPSG:4326,37.4426698,126.8042554,N,,11
11,ST011,배곧생명공원,37.3699695,126.7247896,EPSG:4326,37.3699695,126.7247896,N,,12
12,ST012,신천역,37.4384371,126.7861775,EPSG:4326,37.4384371,126.7861775,N,,13
13,ST013,삼미시장,37.4401414,126.7839911,EPSG:4326,37.4401414,126.7839911,N,,14
14,ST014,시흥대야역,37.4491937,126.7927431,EPSG:4326,37.4491937,126.7927431,N,,15
15,ST015,목감택지개발예정지구,37.3757447,126.8536729,EPSG:4326,37.3757447,126.8536729,N,,16
16,ST016,물왕호수,37.3838098,126.8384809,EPSG:4326,37.3838098,126.8384809,N,,17
17,ST017,장곡동,37.379307,126.7847164,EPSG:4326,37.379307,126.7847164,N,,18
18,ST018,정왕역,37.3515538,126.742754,EPSG:4326,37.3515538,126.742754,N,,19
19,ST019,시화병원,37.3505304,126.7389239,EPSG:4326,37.3505304,126.7389239,N,,20
20,ST020,시화공업단지[왼쪽부근],37.3406364,126.738924,EPSG:4326,37.3406364,126.738924,N,,21
21,ST021,오이도 포구 해양관광 단지,37.3421677,126.6888685,EPSG:4326,37.3421677,126.6888685,N,,22
22,ST022,오이도박물관,37.3355397,126.6914863,EPSG:4326,37.3355397,126.6914863,N,,23
23,ST023,오이도역,37.3624824,126.7370532,EPSG:4326,37.3624824,126.7370532,N,,24
24,ST024,목감고등학교,37.3725593,126.854912,EPSG:4326,37.3725593,126.854912,N,,25
25,ST025,목감동행정복지센터,37.3814088,126.8589134,EPSG:4326,37.3814088,126.8589134,N,,26
26,ST026,은계파크자이,37.4349288,126.8010573,EPSG:4326,37.4349288,126.8010573,N,,27
27,ST027,은행동행정복지센터,37.4361038,126.7975787,EPSG:4326,37.4361038,126.7975787,N,,28
28,ST028,매화산업단지,37.4131519,126.819963,EPSG:4326,37.4131519,126.819963,N,,29
29,ST029,관곡공원,37.3993726,126.8002135,EPSG:4326,37.3993726,126.8002135,N,,30
30,ST030,장곡도서관,37.3774407,126.7827885,EPSG:4326,37.3774407,126.7827885,N,,31
31,ST031,마전저수지,37.3751132,126.7699997,EPSG:4326,37.3751132,126.7699997,N,,32
32,ST032,희망공원,37.3362263,126.7146485,EPSG:4326,37.3891517,126.9501554,Y,원본 좌표를 네이버 역지오코딩하면 경기도 안양시 동안구 호계동으로 확인됨,33
33,ST033,타원산업단지,37.3280193,126.7317157,EPSG:4326,37.3280193,126.7317157,N,,34
34,ST034,군자디지털과학고등학교,37.3487259,126.7850441,EPSG:4326,37.3487259,126.7850441,N,,35
35,ST035,산들공원,37.3477895,126.7824469,EPSG:4326,37.3477895,126.7824469,N,,36
36,ST036,시흥시립군자도서관,37.343231,126.7856739,EPSG:4326,37.343231,126.7856739,N,,37
37,ST037,군자동행정복지센터,37.3397491,126.7843832,EPSG:4326,37.3397491,126.7843832,N,,38
38,ST038,능곡도서관,37.3713291,126.8108314,EPSG:4326,37.3713291,126.8108314,N,,39
39,ST039,능곡힐스테이트,37.3679522,126.8110571,EPSG:4326,37.3679522,126.8110571,N,,40
40,ST040,갯골생태공원,37.3891059,126.7802671,EPSG:4326,37.3891059,126.7802671,N,,41
41,ST041,연꽃테마파크,37.4015615,126.8067444,EPSG:4326,37.4015615,126.8067444,N,,42
42,ST042,시흥시청역,37.3822997,126.8034114,EPSG:4326,37.3822997,126.8034114,N,,43
43,ST043,시흥종합버스터미널,37.3435074,126.737444,EPSG:4326,37.3435074,126.737444,N,,44
44,ST044,경기과학기술대학교,37.3389722,126.7376222,EPSG:4326,37.3389722,126.7376222,N,,45
45,ST045,시흥중앙도서관,37.3476025,126.7356741,EPSG:4326,37.3476025,126.7356741,N,,46
46,ST046,배곧1동행정복지센터,37.3721786,126.7366047,EPSG:4326,37.3721786,126.7366047,N,,47
47,ST047,배곧2동행정복지센터,37.3613904,126.7123073,EPSG:4326,37.3613904,126.7123073,N,,48
48,ST048,정왕평생학습관 사거리,37.348258,126.7421203,EPSG:4326,37.348258,126.7421203,N,,49
49,ST049,거북섬 웨이브파크 정문,37.3240666,126.682109,EPSG:4326,37.3240666,126.682109,N,,50
50,ST050,시흥한라3차아파트,37.3627099,126.7186467,EPSG:4326,37.3627099,126.7186467,N,,51
51,ST051,연성중학교,37.39095,126.812486,EPSG:4326,37.39095,126.812486,N,,52
52,ST052,가온그린공원,37.3770042,126.7890059,EPSG:4326,37.3770042,126.7890059,N,,53
53,ST053,오이도 빨강등대,37.3442657,126.6873807,EPSG:4326,37.3442657,126.6873807,N,,54
54,ST054,시흥 프리미엄 아울렛,37.3802189,126.7392356,EPSG:4326,37.3802189,126.7392356,N,,55
55,ST055,해양생태과학관,37.3276855,126.6769052,EPSG:4326,37.3276855,126.6769052,N,,56
