pair_order,pair_id,from_order,from_station_id,from_station_name,to_order,to_station_id,to_station_name,w1_distance_m,distance_km,w2_average_lanes,w3_protection_proxy,w3_child_protection_proxy,w3_senior_protection_proxy,w3_disabled_protection_proxy,w3_classification,w4_average_absolute_grade_pct,w4_classification,distance_norm,lane_penalty_norm,protection_norm,slope_norm,scenario_cost,selection_role
1409,ST043__ST045,43,ST043,시흥종합버스터미널,45,ST045,시흥중앙도서관,671.0,0.671,3.1817228022763167,0.300402098,0.300402098,0.0,0.0,PRELIMINARY_POINT_BUFFER_PROXY,0.425583211,PRELIMINARY_90M,0.025579192145379383,0.35910616559669406,0.300402098,0.03381446955986759,0.17972548132548524,SCENARIO_MST
209,ST004__ST054,4,ST004,배곧중심상가,54,ST054,시흥 프리미엄 아울렛,3518.0,3.518,3.9115620934849367,0.174673018,0.174673018,0.0,0.0,PRELIMINARY_POINT_BUFFER_PROXY,1.470188615,PRELIMINARY_90M,0.2707777107914908,0.14471160486108936,0.174673018,0.2071304016588043,0.19932318382784614,SCENARIO_MST
1244,ST033__ST045,33,ST033,타원산업단지,45,ST045,시흥중앙도서관,3637.0,3.637,3.4781306841531268,0.249273043,0.249273043,0.0,0.0,PRELIMINARY_POINT_BUFFER_PROXY,0.487234376,PRELIMINARY_90M,0.28102661269485835,0.2720346165597639,0.249273043,0.04404333596822129,0.21159440205571087,SCENARIO_MST
151,ST003__ST047,3,ST003,배곧한울공원,47,ST047,배곧2동행정복지센터,2142.0,2.142,2.998593533213879,0.082490603,0.082490603,0.0,0.0,PRELIMINARY_POINT_BUFFER_PROXY,1.45164868,PRELIMINARY_90M,0.15226939970717424,0.41290145953524826,0.082490603,0.20405434432339853,0.21292895164145526,SCENARIO_MST
136,ST003__ST032,3,ST003,배곧한울공원,32,ST032,희망공원,2946.0,2.946,2.474419063810549,0.0,0.0,0.0,0.0,PRELIMINARY_POINT_BUFFER_PROXY,0.664390229,PRELIMINARY_90M,0.22151408147446386,0.5668807759001471,0.0,0.07343618773014575,0.21545776127618915,SCENARIO_MST
1222,ST032__ST045,32,ST032,희망공원,45,ST045,시흥중앙도서관,3542.0,3.542,3.695161173181692,0.239589717,0.239589717,0.0,0.0,PRELIMINARY_POINT_BUFFER_PROXY,1.100349444,PRELIMINARY_90M,0.27284471621738005,0.20828064096267274,0.239589717,0.1457684554127718,0.21662088239820615,SCENARIO_MST
1444,ST046__ST050,46,ST046,배곧1동행정복지센터,50,ST050,시흥한라3차아파트,2363.0,2.363,4.178737580648687,0.479447383,0.479447383,0.0,0.0,PRELIMINARY_POINT_BUFFER_PROXY,1.190735572,PRELIMINARY_90M,0.17130307467057102,0.06622724275592551,0.479447383,0.16076488943766587,0.2194356474660406,SCENARIO_MST
1474,ST050__ST054,50,ST050,시흥한라3차아파트,54,ST054,시흥 프리미엄 아울렛,4969.0,4.969,4.404187534909858,0.286229319,0.286229319,0.0,0.0,PRELIMINARY_POINT_BUFFER_PROXY,1.464039357,PRELIMINARY_90M,0.3957454138317113,0.0,0.286229319,0.20611014618443493,0.22202121975403655,SCENARIO_MST
1226,ST032__ST049,32,ST032,희망공원,49,ST049,거북섬 웨이브파크 정문,4499.0,4.499,3.070219818149316,0.042639664,0.042639664,0.0,0.0,PRELIMINARY_POINT_BUFFER_PROXY,0.994963213,PRELIMINARY_90M,0.35526655757471365,0.3918608193822274,0.042639664,0.12828327604626832,0.22951257925080235,SCENARIO_MST
160,ST004__ST005,4,ST004,배곧중심상가,5,ST005,배곧중·고등학교,2591.0,2.591,3.612965583991951,0.346284637,0.346284637,0.0,0.0,PRELIMINARY_POINT_BUFFER_PROXY,1.174987484,PRELIMINARY_90M,0.19093962621651883,0.23242607606189314,0.346284637,0.15815204200260122,0.2319505953202533,SCENARIO_MST
880,ST020__ST045,20,ST020,시화공업단지[왼쪽부근],45,ST045,시흥중앙도서관,1373.0,1.373,2.951996349336429,0.38168565,0.38168565,0.0,0.0,PRELIMINARY_POINT_BUFFER_PROXY,0.548337,PRELIMINARY_90M,0.08603910085263974,0.42658965485339595,0.38168565,0.05418119107762378,0.23712389919591487,SCENARIO_MST
108,ST003__ST004,3,ST003,배곧한울공원,4,ST004,배곧중심상가,4685.0,4.685,2.9330495193194137,0.0,0.0,0.0,0.0,PRELIMINARY_POINT_BUFFER_PROXY,1.18657571,PRELIMINARY_90M,0.37128584962535527,0.432155396993838,0.0,0.16007470503198293,0.24087898791279405,SCENARIO_MST
3,ST001__ST004,1,ST001,월곶역,4,ST004,배곧중심상가,4737.0,4.737,3.465738984511636,0.156110614,0.156110614,0.0,0.0,PRELIMINARY_POINT_BUFFER_PROXY,1.268327568,PRELIMINARY_90M,0.37576436138144864,0.2756747508104226,0.156110614,0.1736385822777203,0.2452970771173979,SCENARIO_MST
115,ST003__ST011,3,ST003,배곧한울공원,11,ST011,배곧생명공원,4442.0,4.442,2.929381135965357,0.030002831,0.030002831,0.0,0.0,PRELIMINARY_POINT_BUFFER_PROXY,1.252044916,PRELIMINARY_90M,0.3503574196882267,0.43323300606103465,0.030002831,0.17093704254068998,0.24613257482248785,SCENARIO_MST
1145,ST029__ST040,29,ST029,관곡공원,40,ST040,갯골생태공원,3173.0,3.173,2.6002442194967386,0.0,0.0,0.0,0.0,PRELIMINARY_POINT_BUFFER_PROXY,1.529257702,PRELIMINARY_90M,0.24106450779433297,0.5299189004465018,0.0,0.2169308620359346,0.24697856756919234,SCENARIO_MST
56,ST002__ST004,2,ST002,월곶포구,4,ST004,배곧중심상가,3192.0,3.192,3.5458499603414118,0.332930014,0.332930014,0.0,0.0,PRELIMINARY_POINT_BUFFER_PROXY,1.198313388,PRELIMINARY_90M,0.24270088708982862,0.2521416830789185,0.332930014,0.16202216442234924,0.24744868714777407,SCENARIO_MST
949,ST022__ST047,22,ST022,오이도박물관,47,ST047,배곧2동행정복지센터,4352.0,4.352,3.2556383357386656,0.040564469,0.040564469,0.0,0.0,PRELIMINARY_POINT_BUFFER_PROXY,1.850197274,PRELIMINARY_90M,0.34260614934114203,0.3373930452987237,0.040564469,0.2701796207113337,0.24768582108779988,SCENARIO_MST
127,ST003__ST023,3,ST003,배곧한울공원,23,ST023,오이도역,4569.0,4.569,3.362496455886152,0.25196631,0.25196631,0.0,0.0,PRELIMINARY_POINT_BUFFER_PROXY,0.707990957,PRELIMINARY_90M,0.3612953234002239,0.3060028474757016,0.25196631,0.08067021196989801,0.2499836732114559,SCENARIO_MST
1243,ST033__ST044,33,ST033,타원산업단지,44,ST044,경기과학기술대학교,1598.0,1.598,1.7010597777371803,0.123630586,0.123630586,0.0,0.0,PRELIMINARY_POINT_BUFFER_PROXY,0.331684145,PRELIMINARY_90M,0.1054172767203514,0.7940595896824632,0.123630586,0.018235185665018444,0.26033565951695825,SCENARIO_MST
820,ST019__ST020,19,ST019,시화병원,20,ST020,시화공업단지[왼쪽부근],1979.0,1.979,2.8736363843131483,0.422822321,0.422822321,0.0,0.0,PRELIMINARY_POINT_BUFFER_PROXY,0.548112375,PRELIMINARY_90M,0.13823098785634313,0.4496083529185587,0.422822321,0.054143922372044954,0.2662013960367367,SCENARIO_MST
784,ST018__ST020,18,ST018,정왕역,20,ST020,시화공업단지[왼쪽부근],1949.0,1.949,3.244027725944256,0.540858498,0.540858498,0.0,0.0,PRELIMINARY_POINT_BUFFER_PROXY,0.564911031,PRELIMINARY_90M,0.13564723107398158,0.34080372983808693,0.540858498,0.05693107502461671,0.2685601334841713,SCENARIO_MST
159,ST003__ST055,3,ST003,배곧한울공원,55,ST055,해양생태과학관,4683.0,4.683,2.979187730277081,0.0,0.0,0.0,0.0,PRELIMINARY_POINT_BUFFER_PROXY,2.085033623,PRELIMINARY_90M,0.3711135991731978,0.41860202765548005,0.0,0.30914254447354533,0.2747145428255558,SCENARIO_MST
1247,ST033__ST048,33,ST033,타원산업단지,48,ST048,정왕평생학습관 사거리,3608.0,3.608,2.731241808577759,0.220485387,0.220485387,0.0,0.0,PRELIMINARY_POINT_BUFFER_PROXY,0.925063471,PRELIMINARY_90M,0.2785289811385755,0.49143759242876095,0.220485387,0.11668584519647998,0.2767844514409541,SCENARIO_MST
466,ST010__ST026,10,ST010,은계호수공원,26,ST026,은계파크자이,1220.0,1.22,2.405341600576404,0.254629654,0.254629654,0.0,0.0,PRELIMINARY_POINT_BUFFER_PROXY,1.537591702,PRELIMINARY_90M,0.07286194126259582,0.5871726847699602,0.254629654,0.21831359945293588,0.283244469871373,SCENARIO_MST
1147,ST029__ST042,29,ST029,관곡공원,42,ST042,시흥시청역,2654.0,2.654,2.6841941622399865,0.0,0.0,0.0,0.0,PRELIMINARY_POINT_BUFFER_PROXY,2.927478894,PRELIMINARY_90M,0.19636551545947808,0.5052581137294531,0.0,0.44891703427285934,0.28763516586544763,SCENARIO_MST
1322,ST037__ST045,37,ST037,군자동행정복지센터,45,ST045,시흥중앙도서관,5556.0,5.556,3.4490973986733664,0.318446298,0.318446298,0.0,0.0,PRELIMINARY_POINT_BUFFER_PROXY,1.229092844,PRELIMINARY_90M,0.446300921539919,0.28056331398962786,0.318446298,0.16712894453827729,0.30310986951695607,SCENARIO_MST
1379,ST040__ST054,40,ST040,갯골생태공원,54,ST054,시흥 프리미엄 아울렛,5042.0,5.042,2.505555704817685,0.080180898,0.080180898,0.0,0.0,PRELIMINARY_POINT_BUFFER_PROXY,1.509985427,PRELIMINARY_90M,0.40203255533545773,0.5577342054812642,0.080180898,0.2137332983506408,0.3134202392918407,SCENARIO_MST
916,ST021__ST047,21,ST021,오이도 포구 해양관광 단지,47,ST047,배곧2동행정복지센터,3762.0,3.762,2.469042411414725,0.254750012,0.237212965,0.071741573,0.0,PRELIMINARY_POINT_BUFFER_PROXY,1.099645611,PRELIMINARY_90M,0.29179226595469815,0.5684601989902931,0.254750012,0.14565167880796975,0.31516353893824023,SCENARIO_MST
1285,ST035__ST045,35,ST035,산들공원,45,ST045,시흥중앙도서관,6104.0,6.104,3.104005896090232,0.305870296,0.305870296,0.0,0.0,PRELIMINARY_POINT_BUFFER_PROXY,0.734142852,PRELIMINARY_90M,0.4934975454310568,0.38193596136707975,0.305870296,0.0850092092991503,0.3165782530243217,SCENARIO_MST
1381,ST041__ST042,41,ST041,연꽃테마파크,42,ST042,시흥시청역,3357.0,3.357,2.4375560527901543,0.0,0.0,0.0,0.0,PRELIMINARY_POINT_BUFFER_PROXY,2.986825232,PRELIMINARY_90M,0.25691154939281713,0.5777095010048499,0.0,0.458763494809769,0.323346136301859,SCENARIO_MST
1252,ST033__ST053,33,ST033,타원산업단지,53,ST053,오이도 빨강등대,6235.0,6.235,2.681993902930899,0.077964192,0.000893161,0.07707103,0.0,PRELIMINARY_POINT_BUFFER_PROXY,1.51111674,PRELIMINARY_90M,0.5047799500473689,0.5059044527711551,0.077964192,0.21392100039233028,0.32564239880271356,SCENARIO_MST
30,ST001__ST031,1,ST001,월곶역,31,ST031,마전저수지,4726.0,4.726,2.1733816526852707,0.0,0.0,0.0,0.0,PRELIMINARY_POINT_BUFFER_PROXY,1.971254241,PRELIMINARY_90M,0.37481698389458273,0.6553122762326484,0.0,0.2902648136390502,0.33009851844157034,SCENARIO_MST
434,ST009__ST039,9,ST009,능곡중앙공원,39,ST039,능곡힐스테이트,792.0,0.792,2.0,0.496869839,0.318845713,0.496869839,0.0,PRELIMINARY_POINT_BUFFER_PROXY,0.848295282,PRELIMINARY_90M,0.036000344500904315,0.7062441508450915,0.496869839,0.10394883447345071,0.33576579220486164,SCENARIO_MST
636,ST014__ST026,14,ST014,시흥대야역,26,ST026,은계파크자이,2742.0,2.742,2.689120979304191,0.480816193,0.434350308,0.046465885,0.0,PRELIMINARY_POINT_BUFFER_PROXY,1.352474425,PRELIMINARY_90M,0.2039445353544053,0.5038108323991268,0.480816193,0.1875998263018331,0.3440428467638413,SCENARIO_MST
283,ST006__ST029,6,ST006,시흥시청 본청,29,ST029,관곡공원,3470.0,3.47,2.475229440723157,0.075912866,0.075912866,0.0,0.0,PRELIMINARY_POINT_BUFFER_PROXY,3.041565706,PRELIMINARY_90M,0.2666436999397123,0.5666427229420483,0.075912866,0.4678457724224623,0.3442612653260557,SCENARIO_MST
1143,ST029__ST038,29,ST029,관곡공원,38,ST038,능곡도서관,4223.0,4.223,2.511994530716733,0.118739746,0.102463148,0.021842811,0.0,PRELIMINARY_POINT_BUFFER_PROXY,2.578907523,PRELIMINARY_90M,0.33149599517698736,0.5558427627117288,0.118739746,0.39108373967517096,0.34929056089097177,SCENARIO_MST
1265,ST034__ST045,34,ST034,군자디지털과학고등학교,45,ST045,시흥중앙도서관,6540.0,6.54,2.9933398472819306,0.352023517,0.352023517,0.0,0.0,PRELIMINARY_POINT_BUFFER_PROXY,0.836864495,PRELIMINARY_90M,0.531048144001378,0.4144447605073809,0.352023517,0.10205229296989038,0.3498921786196623,SCENARIO_MST
1144,ST029__ST039,29,ST029,관곡공원,39,ST039,능곡힐스테이트,4321.0,4.321,2.5005444574442675,0.134141311,0.069883904,0.064257407,0.0,PRELIMINARY_POINT_BUFFER_PROXY,2.555414981,PRELIMINARY_90M,0.33993626733270177,0.5592062887087678,0.134141311,0.3871859694755221,0.35511745912924786,SCENARIO_MST
262,ST006__ST008,6,ST006,시흥시청 본청,8,ST008,시흥능곡역,1951.0,1.951,2.023517683433672,0.1397711,0.1397711,0.0,0.0,PRELIMINARY_POINT_BUFFER_PROXY,2.968420709,PRELIMINARY_90M,0.135819481526139,0.699335693777877,0.1397711,0.45570990438570363,0.3576590449224299,SCENARIO_MST
385,ST008__ST036,8,ST008,시흥능곡역,36,ST036,시흥시립군자도서관,4468.0,4.468,3.322939983305055,0.221339234,0.221339234,0.0,0.0,PRELIMINARY_POINT_BUFFER_PROXY,3.518784026,PRELIMINARY_90M,0.3525966755662734,0.3176227926683346,0.221339234,0.5470235534570783,0.3596455639229216,SCENARIO_MST
468,ST010__ST028,10,ST010,은계호수공원,28,ST028,매화산업단지,3734.0,3.734,2.2597817465071626,0.156648005,0.156648005,0.0,0.0,PRELIMINARY_POINT_BUFFER_PROXY,2.499811713,PRELIMINARY_90M,0.289380759624494,0.6299317433049347,0.156648005,0.3779605412092454,0.36348026228466856,SCENARIO_MST
1157,ST029__ST052,29,ST029,관곡공원,52,ST052,가온그린공원,4265.0,4.265,2.386392012061943,0.201240875,0.201240875,0.0,0.0,PRELIMINARY_POINT_BUFFER_PROXY,2.198243349,PRELIMINARY_90M,0.3351132546722935,0.5927392372351619,0.201240875,0.327925760709286,0.36425478190418537,SCENARIO_MST
452,ST010__ST012,10,ST010,은계호수공원,12,ST012,신천역,2361.0,2.361,2.79221465563128,0.473443851,0.473443851,0.0,0.0,PRELIMINARY_POINT_BUFFER_PROXY,2.295026039,PRELIMINARY_90M,0.17113082421841358,0.4735264619671615,0.473443851,0.34398348170533055,0.3655211547227264,SCENARIO_MST
172,ST004__ST017,4,ST004,배곧중심상가,17,ST017,장곡동,6764.0,6.764,2.942360541443412,0.206546328,0.206546328,0.0,0.0,PRELIMINARY_POINT_BUFFER_PROXY,1.909089561,PRELIMINARY_90M,0.550340194643011,0.42942022978330263,0.206546328,0.27995074727812974,0.3665643749261108,SCENARIO_MST
595,ST013__ST026,13,ST013,삼미시장,26,ST026,은계파크자이,1938.0,1.938,2.6326125397405407,0.511569918,0.511569918,0.0,0.0,PRELIMINARY_POINT_BUFFER_PROXY,2.070334106,PRELIMINARY_90M,0.13469985358711567,0.5204105170475657,0.511569918,0.3067036709232997,0.3683459898894953,SCENARIO_MST
162,ST004__ST007,4,ST004,배곧중심상가,7,ST007,장현지구,7899.0,7.899,2.8650445619521356,0.183317918,0.183317918,0.0,0.0,PRELIMINARY_POINT_BUFFER_PROXY,1.69100406,PRELIMINARY_90M,0.6480923262423564,0.45213225099200605,0.183317918,0.2437670440938041,0.3818273848320416,SCENARIO_MST
714,ST016__ST025,16,ST016,물왕호수,25,ST025,목감동행정복지센터,3005.0,3.005,2.1381214943015445,0.193383798,0.119943446,0.161932073,0.0,PRELIMINARY_POINT_BUFFER_PROXY,2.924827881,PRELIMINARY_90M,0.22659546981310827,0.6656701539999965,0.193383798,0.4484771908761643,0.38353165317231724,SCENARIO_MST
1135,ST029__ST030,29,ST029,관곡공원,30,ST030,장곡도서관,4785.0,4.785,2.344415023463761,0.235519282,0.235519282,0.0,0.0,PRELIMINARY_POINT_BUFFER_PROXY,2.140637973,PRELIMINARY_90M,0.3798983722332271,0.6050702231657867,0.235519282,0.3183681522600866,0.38471400741477507,SCENARIO_MST
596,ST013__ST027,13,ST013,삼미시장,27,ST027,은행동행정복지센터,1561.0,1.561,2.6154869323133116,0.514819805,0.514819805,0.0,0.0,PRELIMINARY_POINT_BUFFER_PROXY,2.62974837,PRELIMINARY_90M,0.10223064335543881,0.525441264399645,0.514819805,0.3995190098286312,0.3855026806459288,SCENARIO_MST
1376,ST040__ST051,40,ST040,갯골생태공원,51,ST051,연성중학교,5417.0,5.417,2.495832602905231,0.192518156,0.176017861,0.031845057,0.0,PRELIMINARY_POINT_BUFFER_PROXY,2.410565802,PRELIMINARY_90M,0.4343295151149772,0.5605904235399768,0.192518156,0.36315328653513135,0.3876478452975213,SCENARIO_MST
480,ST010__ST040,10,ST010,은계호수공원,40,ST040,갯골생태공원,7454.0,7.454,2.3810988212602635,0.143643119,0.143643119,0.0,0.0,PRELIMINARY_POINT_BUFFER_PROXY,1.480173201,PRELIMINARY_90M,0.6097666006373267,0.5942941429938482,0.143643119,0.20878699640988027,0.38912271476026383,SCENARIO_MST
713,ST016__ST024,16,ST016,물왕호수,24,ST024,목감고등학교,3229.0,3.229,2.105914035609522,0.176923572,0.176923572,0.0,0.0,PRELIMINARY_POINT_BUFFER_PROXY,3.167384816,PRELIMINARY_90M,0.2458875204547412,0.6751312833771932,0.176923572,0.48872107733856496,0.3966658632926249,SCENARIO_MST
666,ST015__ST016,15,ST015,목감택지개발예정지구,16,ST016,물왕호수,3107.0,3.107,2.1181705540136373,0.281664379,0.281664379,0.0,0.0,PRELIMINARY_POINT_BUFFER_PROXY,3.053159992,PRELIMINARY_90M,0.23538024287313755,0.6715308594057094,0.281664379,0.4697694408980579,0.4145862305442262,SCENARIO_MST
730,ST016__ST041,16,ST016,물왕호수,41,ST041,연꽃테마파크,3935.0,3.935,2.0,0.29027288,0.250287871,0.138484824,0.0,PRELIMINARY_POINT_BUFFER_PROXY,2.713464194,PRELIMINARY_90M,0.3066919300663164,0.7062441508450915,0.29027288,0.4134087389190912,0.4291544249576248,SCENARIO_MST
1224,ST032__ST047,32,ST032,희망공원,47,ST047,배곧2동행정복지센터,4347.0,4.347,3.0270902313068655,0.040631434,0.040631434,0.0,0.0,PRELIMINARY_POINT_BUFFER_PROXY,1.009713027,PRELIMINARY_90M,0.34217552321074846,0.4045303877888319,0.040631434,0.1307304946341744,0.2295169599084387,REDUNDANCY_EXTRA
149,ST003__ST045,3,ST003,배곧한울공원,45,ST045,시흥중앙도서관,4063.0,4.063,3.6462280998642367,0.303337094,0.303337094,0.0,0.0,PRELIMINARY_POINT_BUFFER_PROXY,0.708093583,PRELIMINARY_90M,0.31771595900439237,0.22265501746680116,0.303337094,0.08068723918493967,0.2310988274140333,REDUNDANCY_EXTRA
1242,ST033__ST043,33,ST033,타원산업단지,43,ST043,시흥종합버스터미널,2934.0,2.934,2.565523484039041,0.07531911,0.07531911,0.0,0.0,PRELIMINARY_POINT_BUFFER_PROXY,0.889229462,PRELIMINARY_90M,0.22048057876151925,0.5401183195741607,0.07531911,0.11074043782361453,0.23666461153982363,REDUNDANCY_EXTRA
259,ST005__ST054,5,ST005,배곧중·고등학교,54,ST054,시흥 프리미엄 아울렛,1508.0,1.508,1.711681176130996,0.0,0.0,0.0,0.0,PRELIMINARY_POINT_BUFFER_PROXY,0.623743217,PRELIMINARY_90M,0.09766600637326674,0.7909394917780753,0.0,0.06669222992096648,0.23882443201807713,REDUNDANCY_EXTRA
205,ST004__ST050,4,ST004,배곧중심상가,50,ST050,시흥한라3차아파트,2083.0,2.083,3.3375162940590184,0.4015265,0.4015265,0.0,0.0,PRELIMINARY_POINT_BUFFER_PROXY,0.795418286,PRELIMINARY_90M,0.14718801136852985,0.3133409161252583,0.4015265,0.09517573621717196,0.23930779092774002,REDUNDANCY_EXTRA
147,ST003__ST043,3,ST003,배곧한울공원,43,ST043,시흥종합버스터미널,4739.0,4.739,3.5517107534895764,0.285116743,0.285116743,0.0,0.0,PRELIMINARY_POINT_BUFFER_PROXY,0.649359863,PRELIMINARY_90M,0.37593661183360605,0.25042004081095814,0.285116743,0.07094242129632959,0.24560395423522344,REDUNDANCY_EXTRA
53,ST001__ST054,1,ST001,월곶역,54,ST054,시흥 프리미엄 아울렛,3069.0,3.069,2.971566575272677,0.131704676,0.131704676,0.0,0.0,PRELIMINARY_POINT_BUFFER_PROXY,1.446878915,PRELIMINARY_90M,0.23210748428214625,0.42084078651533996,0.131704676,0.20326296772922972,0.24697897863167897,REDUNDANCY_EXTRA
137,ST003__ST033,3,ST003,배곧한울공원,33,ST033,타원산업단지,4416.0,4.416,2.7688580814682218,0.124574268,0.124574268,0.0,0.0,PRELIMINARY_POINT_BUFFER_PROXY,0.455012626,PRELIMINARY_90M,0.34811816381018,0.48038759224378025,0.124574268,0.03869725733056097,0.24794432034613031,REDUNDANCY_EXTRA
934,ST022__ST032,22,ST022,오이도박물관,32,ST032,희망공원,2894.0,2.894,2.88457420094931,0.0,0.0,0.0,0.0,PRELIMINARY_POINT_BUFFER_PROXY,2.242877844,PRELIMINARY_90M,0.2170355697183705,0.4463953053047024,0.0,0.3353313026249875,0.2496905444120151,REDUNDANCY_EXTRA
534,ST011__ST050,11,ST011,배곧생명공원,50,ST050,시흥한라3차아파트,995.0,0.995,2.969355785245408,0.47264275,0.47264275,0.0,0.0,PRELIMINARY_POINT_BUFFER_PROXY,0.56995669,PRELIMINARY_90M,0.05348376539488416,0.4214902190171036,0.47264275,0.057768226631615675,0.25134624026090086,REDUNDANCY_EXTRA
202,ST004__ST047,4,ST004,배곧중심상가,47,ST047,배곧2동행정복지센터,2617.0,2.617,4.125555851408769,0.591916562,0.591916562,0.0,0.0,PRELIMINARY_POINT_BUFFER_PROXY,1.078170272,PRELIMINARY_90M,0.1931788820945655,0.08184968678832416,0.591916562,0.14208859328144147,0.25225843104108275,REDUNDANCY_EXTRA
187,ST004__ST032,4,ST004,배곧중심상가,32,ST032,희망공원,5657.0,5.657,3.382880136450011,0.171375946,0.171375946,0.0,0.0,PRELIMINARY_POINT_BUFFER_PROXY,0.759506429,PRELIMINARY_90M,0.4549995693738696,0.30001502208276287,0.171375946,0.08921741267650729,0.2539019875332849,REDUNDANCY_EXTRA
1248,ST033__ST049,33,ST033,타원산업단지,49,ST049,거북섬 웨이브파크 정문,6473.0,6.473,3.047600158788452,0.029639496,0.029639496,0.0,0.0,PRELIMINARY_POINT_BUFFER_PROXY,0.648130457,PRELIMINARY_90M,0.5252777538541039,0.39850547662537295,0.029639496,0.07073844413327633,0.2560402926531883,REDUNDANCY_EXTRA
124,ST003__ST020,3,ST003,배곧한울공원,20,ST020,시화공업단지[왼쪽부근],5193.0,5.193,3.656428711169751,0.322906619,0.322906619,0.0,0.0,PRELIMINARY_POINT_BUFFER_PROXY,0.631602774,PRELIMINARY_90M,0.4150374644733442,0.21965852823085064,0.322906619,0.0679962500247527,0.2563997154322369,REDUNDANCY_EXTRA
1210,ST032__ST033,32,ST032,희망공원,33,ST033,타원산업단지,2081.0,2.081,1.4965117896209403,0.0,0.0,0.0,0.0,PRELIMINARY_POINT_BUFFER_PROXY,0.481788461,PRELIMINARY_90M,0.14701576091637242,0.8541467576244774,0.0,0.043139775800197705,0.2610755735852619,REDUNDANCY_EXTRA
1246,ST033__ST047,33,ST033,타원산업단지,47,ST047,배곧2동행정복지센터,5822.0,5.822,2.832765178273928,0.030351918,0.030351918,0.0,0.0,PRELIMINARY_POINT_BUFFER_PROXY,0.750301445,PRELIMINARY_90M,0.46921023167685816,0.4616145087545951,0.030351918,0.08769016576029681,0.2622167060479375,REDUNDANCY_EXTRA
1448,ST046__ST054,46,ST046,배곧1동행정복지센터,54,ST054,시흥 프리미엄 아울렛,1087.0,1.087,2.0,0.198910149,0.198910149,0.0,0.0,PRELIMINARY_POINT_BUFFER_PROXY,0.722410179,PRELIMINARY_90M,0.06140728619412626,0.7062441508450915,0.198910149,0.08306258031444422,0.2624060415884155,REDUNDANCY_EXTRA
63,ST002__ST011,2,ST002,월곶포구,11,ST011,배곧생명공원,3928.0,3.928,3.437997456052192,0.304495296,0.304495296,0.0,0.0,PRELIMINARY_POINT_BUFFER_PROXY,1.160746133,PRELIMINARY_90M,0.3060890534837654,0.28382398705988165,0.304495296,0.1557891851635865,0.26254938042680837,REDUNDANCY_EXTRA
1,ST001__ST002,1,ST001,월곶역,2,ST002,월곶포구,619.0,0.619,1.5532421960245575,0.149164241,0.149164241,0.0,0.0,PRELIMINARY_POINT_BUFFER_PROXY,0.47799073,PRELIMINARY_90M,0.02110068038928602,0.8374818689184798,0.149164241,0.042509674437898,0.26256411618641595,REDUNDANCY_EXTRA
166,ST004__ST011,4,ST004,배곧중심상가,11,ST011,배곧생명공원,2231.0,2.231,3.33315178950529,0.458588112,0.458588112,0.0,0.0,PRELIMINARY_POINT_BUFFER_PROXY,0.948297628,PRELIMINARY_90M,0.15993454482818018,0.3146230148665793,0.458588112,0.12054074539283013,0.2634216042718974,REDUNDANCY_EXTRA
10,ST001__ST011,1,ST001,월곶역,11,ST011,배곧생명공원,5473.0,5.473,3.399135690853287,0.159476951,0.159476951,0.0,0.0,PRELIMINARY_POINT_BUFFER_PROXY,1.230120641,PRELIMINARY_90M,0.43915252777538544,0.29523985789554474,0.159476951,0.16729947170038212,0.2652922020928281,REDUNDANCY_EXTRA
1227,ST032__ST050,32,ST032,희망공원,50,ST050,시흥한라3차아파트,4271.0,4.271,3.200955888599408,0.219882908,0.219882908,0.0,0.0,PRELIMINARY_POINT_BUFFER_PROXY,1.156929234,PRELIMINARY_90M,0.3356300060287658,0.35345633399198484,0.219882908,0.15515590353841074,0.26603128788979036,REDUNDANCY_EXTRA
1220,ST032__ST043,32,ST032,희망공원,43,ST043,시흥종합버스터미널,3095.0,3.095,2.2048417647809075,0.071388765,0.071388765,0.0,0.0,PRELIMINARY_POINT_BUFFER_PROXY,0.910646818,PRELIMINARY_90M,0.2343467401601929,0.646070684289486,0.071388765,0.11429390308812581,0.2665250231344512,REDUNDANCY_EXTRA
123,ST003__ST019,3,ST003,배곧한울공원,19,ST019,시화병원,4589.0,4.589,3.3569912039784113,0.314662169,0.314662169,0.0,0.0,PRELIMINARY_POINT_BUFFER_PROXY,0.732725069,PRELIMINARY_90M,0.3630178279217983,0.30762004742467164,0.314662169,0.08477397752529763,0.26751850546794187,REDUNDANCY_EXTRA
1441,ST046__ST047,46,ST046,배곧1동행정복지센터,47,ST047,배곧2동행정복지센터,3069.0,3.069,4.129648039445814,0.60945262,0.60945262,0.0,0.0,PRELIMINARY_POINT_BUFFER_PROXY,1.115499419,PRELIMINARY_90M,0.23210748428214625,0.08064758261660032,0.60945262,0.14828206679975695,0.26762243842462585,REDUNDANCY_EXTRA
947,ST022__ST045,22,ST022,오이도박물관,45,ST045,시흥중앙도서관,5639.0,5.639,3.6640196738093724,0.218388661,0.218388661,0.0,0.0,PRELIMINARY_POINT_BUFFER_PROXY,1.321126041,PRELIMINARY_90M,0.45344931530445265,0.21742863855474548,0.218388661,0.18239865237342848,0.26791631680815664,REDUNDANCY_EXTRA
988,ST023__ST054,23,ST023,오이도역,54,ST054,시흥 프리미엄 아울렛,4175.0,4.175,3.62850171203835,0.340947009,0.340947009,0.0,0.0,PRELIMINARY_POINT_BUFFER_PROXY,1.34126926,PRELIMINARY_90M,0.32736198432520885,0.2278622475750438,0.340947009,0.18574071892132277,0.27047798995539385,REDUNDANCY_EXTRA
175,ST004__ST020,4,ST004,배곧중심상가,20,ST020,시화공업단지[왼쪽부근],5086.0,5.086,4.0907536789867915,0.503240937,0.503240937,0.0,0.0,PRELIMINARY_POINT_BUFFER_PROXY,0.713569367,PRELIMINARY_90M,0.40582206528292136,0.09207302850057764,0.503240937,0.08159575507457452,0.2706829464645184,REDUNDANCY_EXTRA
952,ST022__ST050,22,ST022,오이도박물관,50,ST050,시흥한라3차아파트,4574.0,4.574,3.4123151124351194,0.205257775,0.205257775,0.0,0.0,PRELIMINARY_POINT_BUFFER_PROXY,1.596050461,PRELIMINARY_90M,0.36172594953061754,0.291368325717403,0.205257775,0.22801279712761313,0.27159121184390844,REDUNDANCY_EXTRA
878,ST020__ST043,20,ST020,시화공업단지[왼쪽부근],43,ST043,시흥종합버스터미널,792.0,0.792,2.422886141395766,0.407592084,0.407592084,0.0,0.0,PRELIMINARY_POINT_BUFFER_PROXY,0.610397046,PRELIMINARY_90M,0.036000344500904315,0.5820188732835356,0.407592084,0.0644778970657472,0.27252229971254677,REDUNDANCY_EXTRA
